,var_score_q,mse_q,mae_q,mape_q,var_score_h,mse_h,mae_h,mape_h
0,0.9275555961472792,180927.45430536597,266.4670094790111,9.295658281641058,0.9426964752960368,1217.2036859112363,23.116526635496832,7.320549456656391
1,0.9247828905459563,188836.43691825797,280.34900556877784,10.100613967733425,0.9402213591177647,1278.0224854703474,24.230345264712806,8.056553172318278
2,0.9170450664226395,209359.94500717384,307.79135298510835,11.521540683039698,0.932764644081041,1446.3594607216828,26.79663239333821,9.359137553069955
3,0.9034085008561009,244898.87459159555,345.0573582702567,13.397732159406653,0.9193802650946412,1743.4888644098264,30.651598695197215,11.130224355148242
4,0.8827232599340993,298537.1042239754,392.6674066782154,15.79537166368506,0.8989202016342985,2196.7323419003546,35.505254700004215,13.280175271796102
5,0.8541170317534356,372621.01497159665,451.28855275265187,18.606762490497584,0.8706144067021733,2824.2012406724953,41.46200896123298,15.80402647991989
6,0.8173191113043259,467755.04885240336,512.908942433225,21.532980198501743,0.8342030310882026,3630.621007075425,48.37296215694759,18.59890267878448
