,var_score_q,mse_q,mae_q,mape_q,var_score_h,mse_h,mae_h,mape_h
0,-3.193395386014208,10472863.488943238,2857.6452133965036,102.19794387587923,-5.1360300086321855,130337.50335522549,332.31971544999067,101.25231465971814
1,-3.221917487540118,10599341.83986513,2872.003460442375,103.41820032017488,-5.132671518034835,131111.91523227253,333.00406090163096,101.95761984056833
2,-3.248573894492324,10722462.891014578,2886.6121418235016,104.62196088506668,-5.135148890938623,131978.63713313127,333.8720329571608,102.6944678279555
3,-3.2612378481264273,10803977.188702626,2896.4663028742975,105.68330357001375,-5.127911026550881,132522.69620369945,334.4048105164657,103.35273603679036
4,-3.2506075146447326,10820253.512347333,2896.9251452512462,106.40434280370461,-5.096691887407253,132497.29880954625,334.18263474729537,103.8064562696577
5,-3.2058031188740364,10742656.56753565,2881.6557085378217,106.3747758120227,-5.031579396760463,131656.03357658896,332.7579529094438,103.8275192875318
6,-3.1238559821098395,10559147.539431369,2841.6012095318347,104.87464029020754,-4.924765192326038,129740.47179771804,329.29627247681987,102.93399959412623
