,var_score_q,mse_q,mae_q,mape_q,var_score_h,mse_h,mae_h,mape_h
0,0.9314920608714026,171096.2664755036,263.6873182002236,9.322928520487563,0.9458228309426281,1150.7957007801378,22.89273747525319,7.391358638520256
1,0.9205454198534503,199474.82588223825,293.89393591687013,10.802548903384677,0.9355920906927458,1376.9927706949202,25.835312794232625,8.790874389490865
2,0.9098860861925576,227427.6311910179,329.53033978746777,12.515730310978682,0.9244828908335773,1624.5156108173219,29.405597221476,10.336963276244397
3,0.9012274926025398,250428.62070285948,358.26347436716344,14.115947075654411,0.91468640951275,1844.998562348948,32.65982881012866,11.848043313404757
4,0.8844687704813039,294093.7707559574,397.17131035773923,16.29102596197873,0.8973847172141421,2230.1024944014316,36.944429710348324,13.847518908044657
5,0.843455668342032,399852.7617826696,473.60721621691675,19.935456869063838,0.8577975060215683,3103.9658255936233,44.3987380561396,16.909401495205255
6,0.7865056059049393,546653.1362566886,559.0104514381204,23.896748142709157,0.8040240046306499,4291.481143114253,53.11731130665799,20.342476172016998
