,var_score_q,mse_q,mae_q,mape_q,var_score_h,mse_h,mae_h,mape_h
0,0.9354641331607374,161176.14995294568,256.81911169605456,8.996821962084118,0.9489453547377386,1084.4691093114784,22.452375436668028,7.269214733791504
1,0.9239938058915291,190817.47468546903,284.5070215837106,10.389453409359739,0.938965201438415,1304.8781940614458,25.029235179091707,8.589153367902865
2,0.9162262249350124,211426.52021164098,312.8350668030329,11.76449586192738,0.9311332213408438,1481.4544443425757,28.09021331657211,9.97311567177483
3,0.9095182027996853,229408.2864618388,336.89720961657724,13.214767344088846,0.9225444763938704,1675.0593766259472,31.034942239107473,11.497470632614318
4,0.8954510902237797,266137.41784456006,373.978982583327,15.30952402355718,0.9063803042257452,2034.6045092226996,35.176744807188825,13.57081267746046
5,0.8659898464655321,342294.92329848383,439.01931150664683,18.547105425136753,0.8760743819824404,2705.022060305197,42.18078370289298,16.581495980566174
6,0.8226071687138543,454214.95952182816,520.7314025272129,22.525734005492385,0.8317519671316365,3684.2943905443885,50.776915698963776,20.16000456859648
