,var_score_q,mse_q,mae_q,mape_q,var_score_h,mse_h,mae_h,mape_h
0,0.92897063203085,177393.44993029122,262.7388506005833,9.059712409547197,0.9425990134324528,1219.2739065512937,23.403762803111174,7.473686443370125
1,0.9273605732565704,182365.03138152225,268.8697052712458,9.397415412472581,0.9405753339320326,1270.4547695563017,24.22315432451503,8.066413674386038
2,0.9236993658322262,192565.96183614092,285.44400817020295,10.230049212159871,0.9355801791715013,1385.7919845862184,26.120689708639116,9.092558963867722
3,0.9121527137062954,222728.72602591576,315.76343988831326,11.633720638256282,0.9228719743340248,1667.9768798595335,29.480888587966597,10.654721377319675
4,0.8908607542038184,277822.47680888843,360.3088054176755,13.766795364808287,0.9000336539352348,2172.534067663788,34.12134769583823,12.71006025864965
5,0.86864462213627,335513.97267181193,406.341563655556,15.938517901682598,0.876028052919786,2706.033321241539,39.36925571225957,14.96137339350232
6,0.8403709964047924,408730.6171327209,463.6258861731778,18.67079500150405,0.8454058549658969,3385.3016385979417,45.71428122382997,17.565490760152667
