,var_score_q,mse_q,mae_q,mape_q,var_score_h,mse_h,mae_h,mape_h
0,-3.0497143605796566,10114024.97580277,2826.9175589726715,101.48690647082257,-4.999002332557162,127426.85181586505,329.7822511528759,100.71685891404789
1,-3.0229878951069615,10099918.82686527,2808.05431876612,100.82783827726752,-4.927613308171873,126727.92457662277,327.6559809723577,100.2037193242908
2,-3.001310691188846,10098425.134445969,2788.691965973714,99.95865705174445,-4.862351021750581,126110.23986547314,325.46687596167436,99.54587256935959
3,-2.9682871332288765,10061227.557264224,2769.912466394422,99.3084451309205,-4.795465076676516,125333.19338153655,323.4739675418078,99.08199981808717
4,-2.923730506445238,9988162.550316514,2751.42743874138,98.93344329659419,-4.722617899045522,124367.67803680924,321.6012181081205,98.82652188818652
5,-2.876490631294464,9901511.402753115,2733.3858703616424,98.6966253794446,-4.650532874131034,123338.63103945463,319.805483502191,98.66943592229305
6,-2.8308212760092935,9808831.158521645,2714.762246000165,98.4509478349357,-4.582894957529224,122254.19949555414,317.95757747197416,98.50060605502522
