,var_score_q,mse_q,mae_q,mape_q,var_score_h,mse_h,mae_h,mape_h
0,0.9270711924971033,182137.2360776162,268.75400317522434,9.463663648726667,0.942350771703777,1224.5468936616367,23.559680904326637,7.588889606116332
1,0.9249555827570767,188402.88420574085,280.2378851121638,10.208689347322549,0.9406843232092896,1268.124660591731,24.44653002152099,8.31676579045734
2,0.9177699066877983,207530.60814306638,307.45269958673794,11.7504591372203,0.9331575875482347,1437.906504780029,27.288606157573177,9.81691756866265
3,0.904186153478914,242927.2077902926,347.6372532853912,13.924065315522387,0.9187234419098058,1757.6933753771596,31.641435734577524,11.893161717745707
4,0.8873629832843192,286726.3259520294,392.866612440625,16.419162428443506,0.9003097872471948,2166.5329577796556,36.25164338146973,14.169243153861228
5,0.8620724375932499,352300.9499621405,457.2392618142098,19.747589349178035,0.8722119327389459,2789.330781759233,42.97693646133961,17.14164064496006
6,0.8306569438480151,433603.4823825699,520.340425128685,23.176747593098874,0.836850833826809,3572.6394389655134,50.20587278475974,20.356020711296217
