,var_score_q,mse_q,mae_q,mape_q,var_score_h,mse_h,mae_h,mape_h
0,0.9270554215431013,182176.623503115,266.60410209741656,9.304922444583832,0.9417673100378241,1236.9404016361416,23.498734078625443,7.581977287613019
1,0.924923850483898,188482.5497159668,276.08869706595425,9.896076576749273,0.9394045042840042,1295.4862288660468,24.56869675685255,8.331928039873725
2,0.9174335424486687,208379.51725033362,301.1682016401475,11.240819137717523,0.9312217480244578,1479.5500682204977,27.277067048106527,9.72320856792544
3,0.9056319398488945,239261.54923807766,335.67166714276226,13.002138476808902,0.9185370659279865,1761.723957334257,31.040985458166045,11.50152006984791
4,0.8886670884633504,283406.6243340213,381.1330266857634,15.30346633017275,0.8999955715581031,2173.361698811201,35.417183348365235,13.587963441936365
5,0.8652169802769175,344269.0138115865,439.2577073355156,18.170360880748795,0.8743781614441342,2742.0468018288666,41.55737209605528,16.198719882560887
6,0.8374552338270116,416196.43732195755,494.67903664002796,21.021624445919517,0.8439408425586963,3417.382471294216,48.13987299712975,18.98097011220398
