,var_score_q,mse_q,mae_q,mape_q,var_score_h,mse_h,mae_h,mape_h
0,0.929330228590363,176495.3696559071,259.47879375427914,8.950388315936891,0.9432551240621254,1205.3372371940643,23.18345785957039,7.378386857117755
1,0.9260493184461707,185657.00428615915,268.5420721340977,9.53954060571621,0.9393442274807187,1296.7749016898913,24.516176424839387,8.2504781402944
2,0.9220250461210804,196791.57528109683,282.64259930309635,10.345359677310684,0.9342674890826129,1414.0304270412223,26.42217225968276,9.294235443140881
3,0.9113479361790989,224769.16553098435,317.52108477767644,11.984193896960036,0.921439519194804,1698.9552697901106,29.86756816566373,10.95520651120996
4,0.8890804812560055,282354.3006835093,367.428049378729,14.34943460276306,0.896110133883682,2257.8025736431705,35.28749777685579,13.302833488148401
5,0.8644720657764162,346171.7088319862,418.622863708284,16.79041923240576,0.8674375382562017,2893.545250139712,41.12887332644025,15.74474867822359
6,0.8376163652509394,415783.8597523544,477.0713543135294,19.46595876462431,0.8350260190827025,3612.599221025816,47.389783532653055,18.28554536110778
