,var_score_q,mse_q,mae_q,mape_q,var_score_h,mse_h,mae_h,mape_h
0,0.9602566095558727,99257.77666883376,199.74553249189046,7.056765721337044,0.9701852273893214,633.3057399837983,17.502064117326455,5.769624836419742
1,0.9404668151538158,149461.13439280918,245.54735404605992,9.162639219462484,0.9522993014711769,1019.8051409796236,22.537473229908898,8.09537482649143
2,0.8949080340561626,265228.92927374033,346.7171957987456,13.227841084773061,0.9071409164476938,1997.574225258935,31.911438640440842,11.73779258733143
3,0.8508028147705442,378275.7600696728,430.6597643573336,16.502140595687813,0.8618033989665935,2988.650797275397,40.68488534635403,14.904745793636815
4,0.8257545335703163,443555.44793318,480.50218515379277,18.46919723077322,0.8335864603359292,3616.6079733121637,46.42210356715875,17.03596244462215
5,0.8091910555312075,487373.0183049993,512.8032810272762,19.797343002463403,0.8138343404624488,4063.584462810487,50.402320347013124,18.60532865851893
6,0.7903759356201026,536743.1436027392,540.9799733919276,21.3291824103245,0.7921170967474186,4552.218538821225,54.03987126319291,20.28158789767751
