,var_score_q,mse_q,mae_q,mape_q,var_score_h,mse_h,mae_h,mape_h
0,0.9345061671021198,163568.63786200486,267.1932185330582,9.328906227389846,0.9469482269846147,1126.8907801405649,23.70364530990179,7.524985652555401
1,0.9295227793893075,176936.70124556634,282.76646541166497,10.21150876813161,0.9416927182320046,1246.5659316837737,25.72151361130578,8.569639470961967
2,0.9264096592717818,185725.77932994324,298.46297105883315,11.031343053757087,0.9371220338839746,1352.623778365488,27.482151452518938,9.45241430024137
3,0.9172218343000913,209876.4363359061,327.97333177912486,12.55757121688719,0.9255033309215299,1611.0709508833045,31.24133083180815,11.096567914129416
4,0.8752867288667934,317467.3750437271,414.470034546376,16.655225992410646,0.8813051099410969,2579.5550448899025,40.63926596430995,14.829113421172726
5,0.8160424927605991,469872.76090610167,515.9310872116405,21.27163670831909,0.8193320837445934,3943.580890522563,51.42533385512755,18.999830694938357
6,0.7727400542195215,581899.8790718028,577.0391306363166,24.41913653674201,0.7690137402578817,5058.135697351958,58.458115008019405,22.069900710123267
