,var_score_q,mse_q,mae_q,mape_q,var_score_h,mse_h,mae_h,mape_h
0,0.9253680629573138,186390.74463864794,277.41541267911657,9.911575226649799,0.9413790775294681,1245.186980578757,23.585693487688932,7.611177090824234
1,0.9218419883158864,196219.7238124545,294.80997867644436,10.927516567516761,0.9387990002116648,1308.431451575578,24.914599131731524,8.447459658116776
2,0.9108494093753058,224996.41607376133,330.383488882716,12.73139974484962,0.9293570251786739,1519.6637776336565,28.231554164568266,9.947293022440821
3,0.8946833999442754,267020.5665928854,371.18454919512317,14.82156120324865,0.915393933122703,1829.6975999145266,32.422266791288216,11.785606512823623
4,0.8710793214511456,328177.65932901815,422.46397877054227,17.458499834510576,0.8941882551411672,2299.570100479924,37.484414010364084,14.006480511198744
5,0.8380112648197318,413759.1087043035,488.5832661615086,20.705428611735886,0.863988740106758,2968.8248833989414,43.989252562949936,16.717234498647944
6,0.7987076817549175,515409.6787387244,549.9770803351141,23.891692582271435,0.8278443863578866,3769.862570331604,50.52574057842211,19.511160366951053
