,var_score_q,mse_q,mae_q,mape_q,var_score_h,mse_h,mae_h,mape_h
0,0.9676307956710576,80840.99565553726,189.85538755588033,7.2579637652076965,0.9738459194084998,555.547733966735,17.363075494226216,5.918579842902541
1,0.925040645105988,188189.33078683258,302.94828921496423,12.270868729954271,0.9348210101906992,1393.47789322664,28.18645189964056,10.183484114345296
2,0.8783930898712407,306909.003709909,415.42570622112777,17.433894226528217,0.8891114478590152,2385.4221381405346,38.49713173360505,14.435743384745816
3,0.8203815476372212,455406.0888318564,523.7037975858719,22.84392817035768,0.8277548090447023,3724.988338540718,49.42081138389685,19.023847740805643
4,0.7394384594476251,663279.7581594896,644.4564925862996,29.129662080259788,0.7411679480366273,5625.10757699836,61.19367055012516,24.127883587669597
5,0.6686446320901305,846363.1840708047,730.341932728678,33.86261462263118,0.6668043543981979,7272.923759983164,70.32288606182031,28.227070730434495
6,0.6277512234987975,953144.282802531,774.4848120042655,36.555670497274726,0.6250944403171177,8209.679643649923,75.51501289166892,30.650156484115556
