,var_score_q,mse_q,mae_q,mape_q,var_score_h,mse_h,mae_h,mape_h
0,0.9289749317074131,177382.71163314857,265.4675888232895,9.31566527908628,0.9423926957025411,1223.656371724504,23.390155890835697,7.441709390594978
1,0.9271479365706525,182898.86676044462,274.3141651945497,10.025419284744963,0.9392800897022745,1298.1461192654344,24.673281865265484,8.30351804463305
2,0.9225686709164643,195419.58627022037,295.6891681479493,11.352219073619167,0.9323936783988056,1454.3396330100695,27.06645357236213,9.608897955145917
3,0.9105574837032345,226773.28518409107,333.04112092438055,13.443463068150956,0.917364671875042,1787.0782453185634,30.84856541784707,11.480513583698716
4,0.8857680852861957,290786.2634095751,385.0940266293496,16.313407274779376,0.8886343178750963,2420.271900587625,36.33817788745947,14.004684102241322
5,0.8594942144880198,358886.3664904795,439.47908286132497,19.11058314035592,0.8578679724353804,3102.427699684541,42.14286593147962,16.55017411360061
6,0.8289044701202829,438090.69743818254,502.22266280852034,22.21539416245847,0.8213873460507737,3911.258799324238,48.64463539026532,19.293252555841754
