,var_score_q,mse_q,mae_q,mape_q,var_score_h,mse_h,mae_h,mape_h
0,0.9275116022281358,181037.32763404588,266.09586449202965,9.19889590494715,0.942642540078527,1218.3493422367849,23.368086025755932,7.478380601636463
1,0.9253498449944992,187413.06850201756,275.6377669560649,9.665950284600633,0.9409668708015326,1262.0840050871423,24.18550013051929,8.045980974854725
2,0.918233337688364,206361.0105723255,298.3551168500087,10.641720697235233,0.9348274385160293,1401.9848574227035,26.479770112868184,9.08860284787018
3,0.9057875569166738,238866.99645543963,329.393990335896,12.015036687371683,0.9234018760142106,1656.517183549185,30.039547403517446,10.58065707856386
4,0.8885103231956671,283805.68257038394,366.64746531550907,13.72456389555044,0.9069839310544973,2021.486095864168,34.0798028626037,12.35481069526253
5,0.8648405999994484,345230.3816990892,418.91711571323765,16.063882680567392,0.8840084236222174,2531.839485093543,39.607759096899464,14.631718662555196
6,0.8352314804648484,421890.3655154378,471.4003347548505,18.545613408385716,0.8546894381398936,3182.0097912640185,45.46844472652425,17.084101261224387
