,var_score_q,mse_q,mae_q,mape_q,var_score_h,mse_h,mae_h,mape_h
0,0.9288716055882158,177640.76512955964,265.7646933126535,9.41329896995761,0.9423987597517703,1223.5275631894017,23.85963062494337,7.7976574412147865
1,0.9270839754077427,183059.44456239312,279.3292293263993,10.345440179782377,0.9396089015612619,1291.1163684535506,25.421467313973448,8.867656837247072
2,0.9201769939027674,201455.65123307824,306.58625077415854,11.911336627697011,0.9310036851337864,1484.2410127487758,28.51108973432892,10.534151304151864
3,0.9068977751041846,236052.1402094727,345.93142175468773,14.122291473238976,0.9155816136930913,1825.6388048202202,32.959962109283204,12.73318847009074
4,0.8873014202515366,286883.0394616633,395.875180364629,16.96652114111216,0.892493740570073,2336.3964003175693,38.63656500981021,15.447829092808984
5,0.8574499890752412,364107.8214505465,463.6272526900998,20.60856123125889,0.8578851882528871,3102.051916477752,45.82697315580955,18.761789757109558
6,0.8199577350913257,460998.8434977898,533.3804316013726,24.42704797903996,0.8142531942939074,4067.482410685444,53.602345784513346,22.333725590941647
