,var_score_q,mse_q,mae_q,mape_q,var_score_h,mse_h,mae_h,mape_h
0,0.9336484453138368,165710.7690882037,255.1219815199923,8.935653117291036,0.9458152667141211,1150.9563751342446,22.591605437221936,7.151446466095152
1,0.9248458082683815,188678.4787275216,274.02404233293385,9.921882016113189,0.9367214978395338,1352.8468933791476,24.756448877543,8.220215310113167
2,0.9206666533280949,200219.85890659518,289.9277458500414,10.721523041604012,0.9302153151791869,1501.200339085328,26.71736277585449,9.163521555648083
3,0.9118163821207268,223581.46387060583,322.1464901642099,12.334297508516228,0.9171001686656545,1792.7984129761373,30.735283429808824,10.861478209886034
4,0.8959465651925338,264876.1476020194,354.86987761786486,14.195048429528107,0.8961330670102623,2257.3041759249895,35.623976848154854,13.01149475243355
5,0.8738109189427793,322317.97876776464,399.77855447214796,16.39877827604603,0.8681884998489674,2877.153420045429,40.40231149767974,15.126619684329889
6,0.8390593862481113,412088.9994862013,473.7112897535428,19.636379037924176,0.8250148010790114,3831.824811391999,47.51209934210189,17.978990589091676
