,var_score_q,mse_q,mae_q,mape_q,var_score_h,mse_h,mae_h,mape_h
0,0.934776709082766,162892.96839358634,264.23173609517397,9.444650212615317,0.9477083990365189,1110.743706670222,23.163829331626378,7.714121825669588
1,0.9158992514234469,211139.2716182179,314.4695686733964,12.000567762055418,0.9302039987382059,1492.1861335759786,28.141928169036515,10.142144636868629
2,0.8950627615941501,264838.4311147134,373.7634091162107,14.784589196783093,0.9092376723027566,1952.4690476876424,34.400810098689035,12.76806115638982
3,0.8772672199145538,311177.6914617031,418.9800393415102,17.09923798511954,0.8901762320940645,2375.057628461643,39.451312203812044,14.994244235339204
4,0.8627109407876499,349480.0260977405,444.7591436789073,18.854924033132022,0.8737308743956103,2744.1632896327774,43.30284312789134,16.94107228081731
5,0.823039427100787,452000.8680671522,515.4347525676208,22.78618233089458,0.8321731647568278,3663.288502460084,50.72910628432647,20.395576399032546
6,0.7432201138466388,657485.7887409884,629.0141414986522,28.490373273471075,0.7530015725484727,5408.77004752227,62.2819232100084,25.28361687140458
